{
  "Name": "Electronic_Circuit_3",
  "Targets": "Electronic_Circuit_3_Target-10",
  "Sources": "Electronic_Circuit_3_Source-30",
  "Parameters": {
    "RandomSeed": 1918391469,
    "MaximumPathLength": 5,
    "RankComputations": 3,
    "MaximumDegreeOfParallelism": 16
  },
  "Result": {
    "NodeCount": 512,
    "EdgeCount": 819,
    "TargetNodeCount": 10,
    "SourceNodeCount": 30,
    "MaximumRank": 7,
    "SolutionNodeCount": 30,
    "SolutionNodes": [
      "418",
      "270",
      "130",
      "141",
      "43",
      "24",
      "125",
      "187",
      "304",
      "426",
      "436",
      "83",
      "166",
      "122",
      "236",
      "391",
      "356",
      "102",
      "20",
      "316",
      "148",
      "98",
      "469",
      "428",
      "491",
      "399",
      "318",
      "103",
      "53",
      "201"
    ],
    "TimeElapsed": {
      "Ticks": 364140239,
      "Days": 0,
      "Hours": 0,
      "Milliseconds": 414,
      "Minutes": 0,
      "Seconds": 36,
      "TotalDays": 0.0004214586099537037,
      "TotalHours": 0.010115006638888889,
      "TotalMilliseconds": 36414.0239,
      "TotalMinutes": 0.6069003983333333,
      "TotalSeconds": 36.4140239
    }
  }
}