{
  "Name": "Electronic_Circuit_2",
  "Targets": "Electronic_Circuit_2_Target-20",
  "Sources": "Electronic_Circuit_2_Source-30",
  "Parameters": {
    "RandomSeed": 2020852951,
    "MaximumPathLength": 5,
    "RankComputations": 3,
    "MaximumDegreeOfParallelism": 16
  },
  "Result": {
    "NodeCount": 208,
    "EdgeCount": 189,
    "TargetNodeCount": 20,
    "SourceNodeCount": 30,
    "MaximumRank": 10,
    "SolutionNodeCount": 30,
    "SolutionNodes": [
      "184",
      "35",
      "25",
      "140",
      "203",
      "167",
      "36",
      "128",
      "196",
      "75",
      "28",
      "120",
      "34",
      "81",
      "173",
      "53",
      "26",
      "171",
      "181",
      "32",
      "174",
      "39",
      "11",
      "10",
      "114",
      "29",
      "201",
      "41",
      "62",
      "31"
    ],
    "TimeElapsed": {
      "Ticks": 774470085614,
      "Days": 0,
      "Hours": 21,
      "Milliseconds": 8,
      "Minutes": 30,
      "Seconds": 47,
      "TotalDays": 0.8963774139050926,
      "TotalHours": 21.513057933722223,
      "TotalMilliseconds": 77447008.5614,
      "TotalMinutes": 1290.7834760233334,
      "TotalSeconds": 77447.0085614
    }
  }
}